{"cameraMode":{"drawMode":0,"name":"Shaded","section":"Shading Mode"},"sceneLighting":false,"audioPlay":false,"sceneViewState":{"showFog":true,"showMaterialUpdate":false,"showSkybox":true,"showFlares":true,"showImageEffects":true,"showParticleSystems":true},"in2DMode":false,"pivot":{"x":-40.59083938598633,"y":13.474639892578125,"z":-11.140380859375},"rotation":{"x":-0.018206659704446794,"y":0.9425408840179443,"z":-0.3295038938522339,"w":-0.052081409841775897},"size":496.2376708984375,"orthographic":false}