{"cameraMode":{"drawMode":0,"name":"Shaded","section":"Shading Mode"},"sceneLighting":true,"audioPlay":false,"sceneViewState":{"showFog":true,"showMaterialUpdate":true,"showSkybox":true,"showFlares":true,"showImageEffects":true,"showParticleSystems":true},"in2DMode":false,"pivot":{"x":420.55938720703127,"y":45.129364013671878,"z":110.42877197265625},"rotation":{"x":-0.10000211745500565,"y":0.8999974131584168,"z":-0.2995585501194,"w":-0.3004479706287384},"size":739.0979614257813,"orthographic":false}