{"cameraMode":{"drawMode":0,"name":"Shaded","section":"Shading Mode"},"sceneLighting":true,"audioPlay":false,"sceneViewState":{"showFog":true,"showMaterialUpdate":true,"showSkybox":true,"showFlares":true,"showImageEffects":true,"showParticleSystems":true},"in2DMode":false,"pivot":{"x":-821.1561889648438,"y":-721.8720703125,"z":635.5291748046875},"rotation":{"x":0.27038079500198367,"y":-0.42541083693504336,"z":0.13483408093452454,"w":0.8530765771865845},"size":1396.869384765625,"orthographic":false}