{"cameraMode":{"drawMode":0,"name":"Shaded","section":"Shading Mode"},"sceneLighting":true,"audioPlay":false,"sceneViewState":{"showFog":true,"showMaterialUpdate":true,"showSkybox":true,"showFlares":true,"showImageEffects":true,"showParticleSystems":true},"in2DMode":false,"pivot":{"x":27.568817138671876,"y":-138.6416015625,"z":656.1531982421875},"rotation":{"x":0.17337635159492494,"y":0.08409123122692108,"z":-0.014857880771160126,"w":0.9811465740203857},"size":2038.5782470703125,"orthographic":false}