{"cameraMode":{"drawMode":0,"name":"Shaded","section":"Shading Mode"},"sceneLighting":true,"audioPlay":false,"sceneViewState":{"showFog":true,"showMaterialUpdate":true,"showSkybox":true,"showFlares":true,"showImageEffects":true,"showParticleSystems":true},"in2DMode":false,"pivot":{"x":-1018.4386596679688,"y":-702.976806640625,"z":458.8694763183594},"rotation":{"x":-0.23972322046756745,"y":0.4989027678966522,"z":-0.14585019648075105,"w":-0.8199735283851624},"size":1382.4134521484375,"orthographic":false}