{"cameraMode":{"drawMode":0,"name":"Shaded","section":"Shading Mode"},"sceneLighting":true,"audioPlay":false,"sceneViewState":{"showFog":true,"showMaterialUpdate":true,"showSkybox":true,"showFlares":true,"showImageEffects":true,"showParticleSystems":true},"in2DMode":false,"pivot":{"x":67.43328857421875,"y":170.08631896972657,"z":146.1317138671875},"rotation":{"x":0.2336982637643814,"y":0.45796912908554079,"z":-0.12615515291690827,"w":0.8483715653419495},"size":575.2932739257813,"orthographic":false}