{"cameraMode":{"drawMode":0,"name":"Shaded","section":"Shading Mode"},"sceneLighting":true,"audioPlay":false,"sceneViewState":{"showFog":true,"showMaterialUpdate":true,"showSkybox":true,"showFlares":true,"showImageEffects":true,"showParticleSystems":true},"in2DMode":false,"pivot":{"x":-16.990447998046876,"y":-143.8543243408203,"z":185.63124084472657},"rotation":{"x":0.3862471580505371,"y":-0.16870468854904176,"z":0.07208435237407685,"w":0.9039666652679443},"size":530.1209716796875,"orthographic":false}