{"cameraMode":{"drawMode":0,"name":"Shaded","section":"Shading Mode"},"sceneLighting":true,"audioPlay":false,"sceneViewState":{"showFog":true,"showMaterialUpdate":true,"showSkybox":true,"showFlares":true,"showImageEffects":true,"showParticleSystems":true},"in2DMode":false,"pivot":{"x":-521.8934936523438,"y":-54.082584381103519,"z":-232.6280059814453},"rotation":{"x":0.07733330875635147,"y":-0.8322991728782654,"z":0.12017922103404999,"w":0.5355880856513977},"size":1057.196044921875,"orthographic":false}