{"cameraMode":{"drawMode":0,"name":"Shaded","section":"Shading Mode"},"sceneLighting":true,"audioPlay":false,"sceneViewState":{"showFog":true,"showMaterialUpdate":true,"showSkybox":true,"showFlares":true,"showImageEffects":true,"showParticleSystems":true},"in2DMode":false,"pivot":{"x":28.332557678222658,"y":-23.57501983642578,"z":381.2641906738281},"rotation":{"x":-0.25657209753990176,"y":0.6624127626419067,"z":-0.2598252296447754,"w":-0.654118537902832},"size":100.75406646728516,"orthographic":false}