{"cameraMode":{"drawMode":0,"name":"Shaded","section":"Shading Mode"},"sceneLighting":true,"audioPlay":false,"sceneViewState":{"showFog":true,"showMaterialUpdate":true,"showSkybox":true,"showFlares":true,"showImageEffects":true,"showParticleSystems":true},"in2DMode":false,"pivot":{"x":55.385009765625,"y":-155.44842529296876,"z":70.88275146484375},"rotation":{"x":-0.11110229045152664,"y":0.8832966089248657,"z":-0.26484742760658266,"w":-0.3705390393733978},"size":1458.155517578125,"orthographic":false}