{"cameraMode":{"drawMode":0,"name":"Shaded","section":"Shading Mode"},"sceneLighting":true,"audioPlay":false,"sceneViewState":{"showFog":true,"showMaterialUpdate":true,"showSkybox":true,"showFlares":true,"showImageEffects":true,"showParticleSystems":true},"in2DMode":false,"pivot":{"x":-4.076245307922363,"y":5.438692092895508,"z":-0.3547487258911133},"rotation":{"x":0.3062737286090851,"y":-0.44888725876808169,"z":0.16711924970149995,"w":0.8226590156555176},"size":54.91035842895508,"orthographic":false}