{"cameraMode":{"drawMode":0,"name":"Shaded","section":"Shading Mode"},"sceneLighting":false,"audioPlay":false,"sceneViewState":{"showFog":true,"showMaterialUpdate":true,"showSkybox":true,"showFlares":true,"showImageEffects":true,"showParticleSystems":true},"in2DMode":false,"pivot":{"x":-0.1438169628381729,"y":-0.584491491317749,"z":-0.24233029782772065},"rotation":{"x":0.6290790438652039,"y":0.0069955140352249149,"z":-0.005662909243255854,"w":0.7772892713546753},"size":17.589847564697267,"orthographic":false}