{"cameraMode":{"drawMode":0,"name":"Shaded","section":"Shading Mode"},"sceneLighting":false,"audioPlay":false,"sceneViewState":{"showFog":true,"showMaterialUpdate":true,"showSkybox":true,"showFlares":true,"showImageEffects":true,"showParticleSystems":true},"in2DMode":false,"pivot":{"x":0.016918718814849855,"y":0.28751039505004885,"z":-0.028914451599121095},"rotation":{"x":0.15586882829666139,"y":-0.5628088116645813,"z":0.10905542224645615,"w":0.8043992519378662},"size":21.226823806762697,"orthographic":false}