{"cameraMode":{"drawMode":0,"name":"Shaded","section":"Shading Mode"},"sceneLighting":false,"audioPlay":false,"sceneViewState":{"showFog":true,"showMaterialUpdate":true,"showSkybox":true,"showFlares":true,"showImageEffects":true,"showParticleSystems":true},"in2DMode":false,"pivot":{"x":0.04810816049575806,"y":0.04343289136886597,"z":22.791236877441408},"rotation":{"x":0.15586882829666139,"y":-0.5628088116645813,"z":0.10905542224645615,"w":0.8043992519378662},"size":42.45319366455078,"orthographic":false}