{"cameraMode":{"drawMode":0,"name":"Shaded","section":"Shading Mode"},"sceneLighting":true,"audioPlay":false,"sceneViewState":{"showFog":true,"showMaterialUpdate":true,"showSkybox":true,"showFlares":true,"showImageEffects":true,"showParticleSystems":true},"in2DMode":false,"pivot":{"x":-4.076245307922363,"y":5.903861999511719,"z":409.09454345703127},"rotation":{"x":0.18200209736824037,"y":-0.3969138264656067,"z":0.08062299340963364,"w":0.8960103988647461},"size":7.4201130867004398,"orthographic":false}